{
  "FilterHeaders": [
    {
      "Header": "user-agent",
      "IncludeInScript": false
    },
    {
      "Header": "upgrade-insecure-requests",
      "IncludeInScript": true
    },
    {
      "Header": "sec-fetch-user",
      "IncludeInScript": true
    },
    {
      "Header": "sec-fetch-site",
      "IncludeInScript": true
    },
    {
      "Header": "sec-fetch-mode",
      "IncludeInScript": true
    },
    {
      "Header": "sec-fetch-dest",
      "IncludeInScript": true
    },
    {
      "Header": "origin",
      "IncludeInScript": true
    },
    {
      "Header": "if-none-match",
      "IncludeInScript": false
    },
    {
      "Header": "if-modified-since",
      "IncludeInScript": false
    },
    {
      "Header": "cache-control",
      "IncludeInScript": false
    },
    {
      "Header": "accept-language",
      "IncludeInScript": false
    },
    {
      "Header": "accept-encoding",
      "IncludeInScript": false
    },
    {
      "Header": "accept",
      "IncludeInScript": false
    }
  ],
  "FilterResources": [
    {
      "IsNonResource": true,
      "type": "text/html"
    },
    {
      "IsNonResource": false,
      "type": "image/png"
    },
    {
      "IsNonResource": false,
      "type": "image/gif"
    }
  ],
  "GeneralInfo": {
    "BrowserVersion": "",
    "MaxUsedConnections": 14,
    "RecordedBrowser": "Chrome",
    "RecordingDate": "окт-23-2020",
    "RecordingDuration": 87422,
    "RecordingTimeStamp": 1603445546,
    "TotalBytesReceived": 35160,
    "TotalBytesSent": 20025,
    "TotalRequests": 29
  },
  "HostInfo": [
    {
      "DomainName": "gstatic.com",
      "Domains": [
        {
          "HTTPVersion": "HTTP/1.1",
          "IP": "64.233.164.94",
          "IncludeInScript": false,
          "Name": "www.gstatic.com",
          "Port": 443,
          "Requests": [
            {
              "CompressionType": "gzip",
              "DataType": "application/json",
              "DownloadTime": 109,
              "EventId": 1812,
              "HttpStatus": 200,
              "Size": 2017,
              "URL": "https://www.gstatic.com/chrome/config/plugins_3/plugins_win.json"
            }
          ],
          "SSLCipher": "ECDHE-RSA-AES128-SHA",
          "SSLVersion": "TLS1.1"
        }
      ],
      "IncludeInScript": true
    },
    {
      "DomainName": "googleapis.com",
      "Domains": [
        {
          "HTTPVersion": "HTTP/1.1",
          "IP": "64.233.162.94",
          "IncludeInScript": false,
          "Name": "update.googleapis.com",
          "Port": 443,
          "Requests": [
            {
              "CompressionType": "gzip",
              "DataType": "application/json",
              "DownloadTime": 188,
              "EventId": 1817,
              "HttpStatus": 200,
              "Size": 1636,
              "URL": "https://update.googleapis.com/service/update2/json?cup2key=10:1375595637&cup2hreq=dfc7d0e478b1c2f2d4934c16725a9e68c54fef2c899e19a1a631b7856dec319c"
            }
          ],
          "SSLCipher": "ECDHE-RSA-AES128-SHA",
          "SSLVersion": "TLS1.1"
        },
        {
          "HTTPVersion": "HTTP/1.1",
          "IP": "173.194.222.95",
          "IncludeInScript": false,
          "Name": "content-autofill.googleapis.com",
          "Port": 443,
          "Requests": [
            {
              "CompressionType": "gzip",
              "DataType": "text/plain",
              "DownloadTime": 94,
              "EventId": 1792,
              "HttpStatus": 200,
              "Size": 68,
              "URL": "https://content-autofill.googleapis.com/v1/pages/Chc2LjEuMTcxNS4xNDQyL2VuIChHR0xMKRJACesIHR01a_Z_EgkNVGIprRIAGgASCQ17ncSlEgAaABIJDR87OYUSABoAEgkN2oWZYRIAGgASCQ2pjkq9EgAaAA==?alt=proto"
            },
            {
              "CompressionType": "gzip",
              "DataType": "text/plain",
              "DownloadTime": 125,
              "EventId": 1687,
              "HttpStatus": 200,
              "Size": 45,
              "URL": "https://content-autofill.googleapis.com/v1/pages/Chc2LjEuMTcxNS4xNDQyL2VuIChHR0xMKRIfCTfZQeCPfjGJEgkN541ADhIAGgASCQ3OQUx6EgAaAA==?alt=proto"
            }
          ],
          "SSLCipher": "ECDHE-RSA-AES128-SHA",
          "SSLVersion": "TLS1.1"
        },
        {
          "HTTPVersion": "HTTP/1.1",
          "IP": "64.233.161.94",
          "IncludeInScript": false,
          "Name": "clientservices.googleapis.com",
          "Port": 443,
          "Requests": [
            {
              "CompressionType": "gzip",
              "DataType": "text/plain",
              "DownloadTime": 172,
              "EventId": 1797,
              "HttpStatus": 200,
              "Size": 22,
              "URL": "https://clientservices.googleapis.com/uma/v2"
            },
            {
              "CompressionType": "",
              "DataType": "application/x-gzip",
              "DownloadTime": 63,
              "EventId": 1570,
              "HttpStatus": 200,
              "Size": 52157,
              "URL": "https://clientservices.googleapis.com/chrome-variations/seed?osname=win&channel=stable&milestone=86"
            }
          ],
          "SSLCipher": "ECDHE-RSA-AES128-SHA",
          "SSLVersion": "TLS1.1"
        }
      ],
      "IncludeInScript": true
    },
    {
      "DomainName": "google.com",
      "Domains": [
        {
          "HTTPVersion": "HTTP/1.1",
          "IP": "173.194.222.155",
          "IncludeInScript": false,
          "Name": "adservice.google.com",
          "Port": 443,
          "Requests": [
            {
              "CompressionType": "gzip",
              "DataType": "application/json",
              "DownloadTime": 47,
              "EventId": 1666,
              "HttpStatus": 200,
              "Size": 29,
              "URL": "https://adservice.google.com/settings/do_ad_settings_allow_floc_poc"
            }
          ],
          "SSLCipher": "ECDHE-RSA-AES128-SHA",
          "SSLVersion": "TLS1.1"
        }
      ],
      "IncludeInScript": true
    },
    {
      "DomainName": "127.0.0.1",
      "Domains": [
        {
          "HTTPVersion": "HTTP/1.1",
          "IP": "127.0.0.1",
          "IncludeInScript": true,
          "Name": "127.0.0.1",
          "Port": 1080,
          "Requests": [
            {
              "CompressionType": "",
              "DataType": "",
              "DownloadTime": 31,
              "EventId": 1858,
              "HttpStatus": 304,
              "Size": 0,
              "URL": "http://127.0.0.1:1080/WebTours/home.html"
            },
            {
              "CompressionType": "",
              "DataType": "text/html",
              "DownloadTime": 78,
              "EventId": 1855,
              "HttpStatus": 200,
              "Size": 1484,
              "URL": "http://127.0.0.1:1080/cgi-bin/nav.pl?in=home"
            },
            {
              "CompressionType": "",
              "DataType": "text/html",
              "DownloadTime": 31,
              "EventId": 1850,
              "HttpStatus": 200,
              "Size": 686,
              "URL": "http://127.0.0.1:1080/cgi-bin/welcome.pl?signOff=1"
            },
            {
              "CompressionType": "",
              "DataType": "image/gif",
              "DownloadTime": 47,
              "EventId": 1836,
              "HttpStatus": 200,
              "Size": 806,
              "URL": "http://127.0.0.1:1080/WebTours/images/bookanother.gif"
            },
            {
              "CompressionType": "",
              "DataType": "text/html",
              "DownloadTime": 47,
              "EventId": 1833,
              "HttpStatus": 200,
              "Size": 2466,
              "URL": "http://127.0.0.1:1080/cgi-bin/reservations.pl"
            },
            {
              "CompressionType": "",
              "DataType": "text/html",
              "DownloadTime": 47,
              "EventId": 1827,
              "HttpStatus": 200,
              "Size": 2699,
              "URL": "http://127.0.0.1:1080/cgi-bin/reservations.pl"
            },
            {
              "CompressionType": "",
              "DataType": "text/html",
              "DownloadTime": 78,
              "EventId": 1824,
              "HttpStatus": 200,
              "Size": 2435,
              "URL": "http://127.0.0.1:1080/cgi-bin/reservations.pl"
            },
            {
              "CompressionType": "",
              "DataType": "image/gif",
              "DownloadTime": 0,
              "EventId": 1790,
              "HttpStatus": 200,
              "Size": 688,
              "URL": "http://127.0.0.1:1080/WebTours/images/home.gif"
            },
            {
              "CompressionType": "",
              "DataType": "image/gif",
              "DownloadTime": 0,
              "EventId": 1788,
              "HttpStatus": 200,
              "Size": 726,
              "URL": "http://127.0.0.1:1080/WebTours/images/in_flights.gif"
            },
            {
              "CompressionType": "",
              "DataType": "image/gif",
              "DownloadTime": 47,
              "EventId": 1786,
              "HttpStatus": 200,
              "Size": 758,
              "URL": "http://127.0.0.1:1080/WebTours/images/button_next.gif"
            },
            {
              "CompressionType": "",
              "DataType": "text/html",
              "DownloadTime": 63,
              "EventId": 1783,
              "HttpStatus": 200,
              "Size": 1482,
              "URL": "http://127.0.0.1:1080/cgi-bin/nav.pl?page=menu&in=flights"
            },
            {
              "CompressionType": "",
              "DataType": "text/html",
              "DownloadTime": 47,
              "EventId": 1780,
              "HttpStatus": 200,
              "Size": 4246,
              "URL": "http://127.0.0.1:1080/cgi-bin/reservations.pl?page=welcome"
            },
            {
              "CompressionType": "",
              "DataType": "text/html",
              "DownloadTime": 31,
              "EventId": 1777,
              "HttpStatus": 200,
              "Size": 616,
              "URL": "http://127.0.0.1:1080/cgi-bin/welcome.pl?page=search"
            },
            {
              "CompressionType": "",
              "DataType": "image/gif",
              "DownloadTime": 47,
              "EventId": 1773,
              "HttpStatus": 200,
              "Size": 726,
              "URL": "http://127.0.0.1:1080/WebTours/images/flights.gif"
            },
            {
              "CompressionType": "",
              "DataType": "text/html",
              "DownloadTime": 47,
              "EventId": 1770,
              "HttpStatus": 200,
              "Size": 918,
              "URL": "http://127.0.0.1:1080/cgi-bin/login.pl?intro=true"
            },
            {
              "CompressionType": "",
              "DataType": "image/gif",
              "DownloadTime": 15,
              "EventId": 1768,
              "HttpStatus": 200,
              "Size": 751,
              "URL": "http://127.0.0.1:1080/WebTours/images/signoff.gif"
            },
            {
              "CompressionType": "",
              "DataType": "image/gif",
              "DownloadTime": 15,
              "EventId": 1766,
              "HttpStatus": 200,
              "Size": 688,
              "URL": "http://127.0.0.1:1080/WebTours/images/in_home.gif"
            },
            {
              "CompressionType": "",
              "DataType": "image/gif",
              "DownloadTime": 16,
              "EventId": 1762,
              "HttpStatus": 200,
              "Size": 733,
              "URL": "http://127.0.0.1:1080/WebTours/images/itinerary.gif"
            },
            {
              "CompressionType": "",
              "DataType": "text/html",
              "DownloadTime": 78,
              "EventId": 1755,
              "HttpStatus": 200,
              "Size": 1482,
              "URL": "http://127.0.0.1:1080/cgi-bin/nav.pl?page=menu&in=home"
            },
            {
              "CompressionType": "",
              "DataType": "text/html",
              "DownloadTime": 47,
              "EventId": 1750,
              "HttpStatus": 200,
              "Size": 481,
              "URL": "http://127.0.0.1:1080/cgi-bin/login.pl"
            },
            {
              "CompressionType": "",
              "DataType": "text/html",
              "DownloadTime": 0,
              "EventId": 1679,
              "HttpStatus": 404,
              "Size": 209,
              "URL": "http://127.0.0.1:1080/favicon.ico"
            },
            {
              "CompressionType": "",
              "DataType": "image/gif",
              "DownloadTime": 0,
              "EventId": 1677,
              "HttpStatus": 200,
              "Size": 679,
              "URL": "http://127.0.0.1:1080/WebTours/images/mer_login.gif"
            },
            {
              "CompressionType": "",
              "DataType": "text/html",
              "DownloadTime": 109,
              "EventId": 1672,
              "HttpStatus": 200,
              "Size": 1490,
              "URL": "http://127.0.0.1:1080/cgi-bin/nav.pl?in=home"
            },
            {
              "CompressionType": "",
              "DataType": "text/html",
              "DownloadTime": 16,
              "EventId": 1670,
              "HttpStatus": 200,
              "Size": 1361,
              "URL": "http://127.0.0.1:1080/WebTours/home.html"
            },
            {
              "CompressionType": "",
              "DataType": "image/png",
              "DownloadTime": 15,
              "EventId": 1663,
              "HttpStatus": 200,
              "Size": 4187,
              "URL": "http://127.0.0.1:1080/WebTours/images/webtours.png"
            },
            {
              "CompressionType": "",
              "DataType": "image/png",
              "DownloadTime": 0,
              "EventId": 1659,
              "HttpStatus": 200,
              "Size": 601,
              "URL": "http://127.0.0.1:1080/WebTours/images/hp_logo.png"
            },
            {
              "CompressionType": "",
              "DataType": "text/html",
              "DownloadTime": 94,
              "EventId": 1645,
              "HttpStatus": 200,
              "Size": 686,
              "URL": "http://127.0.0.1:1080/cgi-bin/welcome.pl?signOff=true"
            },
            {
              "CompressionType": "",
              "DataType": "text/html",
              "DownloadTime": 79,
              "EventId": 1641,
              "HttpStatus": 200,
              "Size": 710,
              "URL": "http://127.0.0.1:1080/WebTours/header.html"
            },
            {
              "CompressionType": "",
              "DataType": "text/html",
              "DownloadTime": 15,
              "EventId": 1554,
              "HttpStatus": 200,
              "Size": 366,
              "URL": "http://127.0.0.1:1080/WebTours/"
            }
          ],
          "SSLCipher": "None",
          "SSLVersion": "None"
        }
      ],
      "IncludeInScript": true
    }
  ],
  "WebSocket": {
    "IncludeInScript": false,
    "IsScriptIncludeWebSocket": false
  },
  "NumberOfCorrelations": 1
}